Nome,Latitude,Longitude,Altitude,Informação extra
A-32 - Saída 1,38.097273,-3.719601,290,
A-376 - Centro Comercial,37.357193,-5.951810,13,
A-376 - Condequinto,37.347900,-5.937805,29,
A-376 - Fim da auto-estrada,37.198008,-5.796940,51,
A-376 - Montequinto,37.344585,-5.932902,32,
A-376 - Saída 4A,37.342232,-5.929522,39,
A-376 - Saída 4B,37.335382,-5.919569,54,
A-376 - Saída 8,37.307909,-5.887933,71,
A-376 - Saída 11/13,37.283298,-5.868607,69,
A-376 - Saída 16,37.245929,-5.839528,72,
A-376 - Saída 21,37.214831,-5.809944,56,
A-376 - Universidade Pablo de Olavide,37.352907,-5.943207,17,
A-381 - Saída 1,36.646900,-6.081397,9,
A-381 - Saída 4,36.618360,-6.066756,29,
A-381 - Saída 10,36.569307,-6.021928,89,
A-381 - Saída 17,36.524785,-5.984015,107,
A-381 - Saída 24,36.491003,-5.927320,67,
A-381 - Saída 31,36.469163,-5.853992,67,
A-381 - Saída 36,36.471663,-5.805327,110,
A-381 - Saída 40,36.455783,-5.763380,97,
A-381 - Saída 42,36.448035,-5.747357,51,
A-381 - Saída 45,36.439220,-5.720709,60,Parque Natural de Los Alcornocales
A-381 - Saída 54,36.384664,-5.653308,49,Parque Natural de Los Alcornocales
A-381 - Saída 66,36.299680,-5.594149,145,Parque Natural de Los Alcornocales
A-381 - Saída 70,36.263158,-5.583691,90,Parque Natural de Los Alcornocales
A-381 - Saída 73,36.236674,-5.580734,114,Parque Natural de Los Alcornocales
A-381 - Saída 77,36.214175,-5.545234,32,Parque Natural de Los Alcornocales
A-381 - Saída 80,36.200423,-5.516315,16,
A-381 - Saída 85,36.172555,-5.481236,18,
A-381 - Saída 87,36.174789,-5.466803,4,
A-4 - Saída 241,38.432656,-3.496904,689,
A-4 - Saída 243,38.414844,-3.498596,665,
A-4 - Saída 250-252,38.371207,-3.517313,582,Parque Natural de Despeñaperros
A-4 - Saída 257,38.343898,-3.542373,760,
A-4 - Saída 258,38.338255,-3.544867,744,
A-4 - Saída 259,38.329136,-3.545854,725,
A-4 - Saída 262,38.314536,-3.567557,730,
A-4 - Saída 264,38.299142,-3.582163,646,
A-4 - Saída 265,38.292113,-3.589702,615,
A-4 - Saída 266,38.281642,-3.593970,602,
A-4 - Saída 268,38.269920,-3.608071,577,
A-4 - Saída 269,38.267103,-3.611648,585,
A-4 - Saída 270,38.262419,-3.623095,554,
A-4 - Saída 274,38.235760,-3.629628,410,
A-4 - Saída 275,38.225262,-3.632509,391,
A-4 - Saída 280,38.195984,-3.671729,345,
A-4 - Saída 283,38.180602,-3.694757,351,
A-4 - Saída 285,38.168198,-3.707895,341,
A-4 - Saída 286,38.158419,-3.715161,343,
A-4 - Saída 288,38.143352,-3.726511,357,
A-4 - Saída 299,38.095329,-3.805331,351,
A-4 - Saída 301,38.087086,-3.826403,291,
A-4 - Saída 303,38.073661,-3.853829,254,
A-4 - Saída 310,38.048930,-3.908197,259,
A-4 - Saída 312,38.046175,-3.939489,244,
A-4 - Saída 316,38.044484,-3.975709,236,
A-4 - Saída 317,38.043975,-3.986253,225,
A-4 - Saída 318,38.041962,-4.000335,223,
A-4 - Saída 319,38.039388,-4.017490,218,
A-4 - Saída 321,38.038881,-4.031790,217,
A-4 - Saída 323,38.030491,-4.053669,201,
A-4 - Saída 324,38.030962,-4.064752,201,
A-4 - Saída 325,38.029551,-4.070549,200,
A-4 - Saída 326,38.030759,-4.079461,198,
A-4 - Saída 329,38.037031,-4.112853,206,
A-4 - Saída 335,38.027547,-4.164606,190,
A-4 - Saída 339,38.008093,-4.192632,180,
A-4 - Saída 346,37.990536,-4.257486,186,
A-4 - Saída 348,37.986947,-4.281075,164,
A-4 - Saída 350,37.986100,-4.300491,164,
A-4 - Saída 356,38.002588,-4.345223,197,
A-4 - Saída 358,38.010142,-4.368738,203,
A-4 - Saída 359,38.009298,-4.380766,202,
A-4 - Saída 361,38.006765,-4.400751,210,
A-4 - Saída 364,37.996116,-4.431315,163,
A-4 - Saída 367,37.971530,-4.455989,169,
A-4 - Saída 370,37.955429,-4.465175,134,
A-4 - Saída 374,37.952519,-4.513522,135,
A-4 - Saída 377,37.946003,-4.546560,139,
A-4 - Saída 383,37.919053,-4.587644,122,
A-4 - Saída 385,37.907368,-4.605751,133,
A-4 - Saída 391,37.897891,-4.666783,135,
A-4 - Saída 396,37.888707,-4.716926,102,
A-4 - Saída 400,37.877403,-4.758277,99,
A-4 - Saída 401,37.872797,-4.761617,94,
A-4 - Saída 403,37.860191,-4.771662,110,
A-4 - Saída 404,37.852204,-4.782135,112,
A-4 - Saída 406,37.846067,-4.790452,106,
A-4 - Saída 411,37.810088,-4.802048,117,
A-4 - Saída 412,37.801876,-4.806985,127,
A-4 - Saída 414,37.784902,-4.815910,156,
A-4 - Saída 418,37.761853,-4.823043,290,
A-4 - Saída 420,37.748601,-4.845293,271,
A-4 - Saída 424,37.715056,-4.870250,259,
A-4 - Saída 430,37.697143,-4.918608,215,
A-4 - Saída 432,37.679271,-4.930778,177,
A-4 - Saída 434,37.658095,-4.952086,201,
A-4 - Saída 437,37.636783,-4.956750,210,
A-4 - Saída 441,37.605435,-4.969919,220,
A-4 - Saída 444,37.586264,-4.987983,218,
A-4 - Saída 445,37.575386,-5.001392,214,
A-4 - Saída 450,37.549456,-5.042388,180,
A-4 - Saída 455,37.530429,-5.088481,127,
A-4 - Saída 457,37.526044,-5.109272,185,
A-4 - Saída 459,37.524154,-5.131975,199,
A-4 - Saída 461,37.522120,-5.155688,190,
A-4 - Saída 464,37.522898,-5.194756,181,
A-4 - Saída 468,37.525575,-5.235336,169,
A-4 - Saída 471,37.525275,-5.260008,159,
A-4 - Saída 475,37.522436,-5.309299,165,
A-4 - Saída 480,37.510116,-5.356336,166,
A-4 - Saída 482,37.506404,-5.377152,164,
A-4 - Saída 484,37.509284,-5.409135,162,
A-4 - Saída 487,37.506815,-5.436088,151,
A-4 - Saída 491,37.493032,-5.480944,164,
A-4 - Saída 494,37.486946,-5.512768,158,
A-4 - Saída 498,37.482391,-5.551475,81,
A-4 - Saída 500,37.480849,-5.571291,61,
A-4 - Saída 504,37.481979,-5.616456,86,
A-4 - Saída 506,37.488678,-5.641044,173,
A-4 - Saída 508,37.481654,-5.656318,167,
A-4 - Saída 511,37.472324,-5.684795,138,
A-4 - Saída 514,37.468529,-5.714066,116,
A-4 - Saída 516,37.461172,-5.735900,103,
A-4 - Saída 519,37.452309,-5.763328,86,
A-4 - Saída 521,37.446551,-5.780811,86,
A-4 - Saída 523,37.435568,-5.808407,65,
A-4 - Saída 524,37.430892,-5.820612,52,
A-4 - Saída 528,37.430136,-5.862299,32,
A-4 - Saída 530,37.434662,-5.880047,31,
A-4 - Saída 532,37.42622,-5.900927,25,
A-4 - Saída 533,37.421688,-5.910486,23,
A-4 - Saída 536,37.409374,-5.943179,18,
A-4 - Saída 553,37.270712,-5.973847,20,
A-4 - Saída 558,37.251677,-5.922562,43,
A-4 - Saída 628,36.755154,-6.074909,38,
A-4 - Saída 631,36.732508,-6.090168,37,
A-40 - Saída 94,40.027738,-4.342093,517,
A-44 - Saída 12,38.023893,-3.778280,271,
A-45 - Saída 5,37.778342,-4.749820,146,
A-45 - Saída 16,37.690844,-4.743691,231,
A-45 - Saída 27,37.61236,-4.695437,350,
A-45 - Saída 36,37.537804,-4.6498,263,
A-45 - Saída 40,37.516489,-4.628787,351,
A-45 - Saída 49,37.458796,-4.571689,362,
A-45 - Saída 51,37.440226,-4.551616,433,
A-45 - Saída 62,37.358806,-4.490708,522,
A-45 - Saída 72,37.283242,-4.48806,452,
A-45 - Saída 76,37.263724,-4.522778,396,
A-45 - Saída 79,37.236896,-4.540625,384,
A-45 - Saída 82,37.212328,-4.534579,472,
A-45 - Saída 86,37.166677,-4.55312,472,
A-45 - Saída 92,37.111684,-4.564322,434,
A-45 - Saída 102,37.045055,-4.510485,478,
A-45 - Saída 107,37.011465,-4.491233,713,
A-45 - Saída 115,36.960006,-4.446812,738,
A-45 - Saída 123,36.902867,-4.441386,503,
A-45 - Saída 124,36.896705,-4.426573,494,
A-45 - Saída 127,36.879173,-4.427136,451,
A-45 - Saída 134,36.825012,-4.444919,263,
A-45 - Saída 136,36.811238,-4.441154,191,
A-45 - Saída 140,36.77417,-4.425619,128,
A-483 - Saída 1,37.339139,-6.555623,117,
A-483 - Saída 3,37.324762,-6.541574,89,
A-49 - Saída 1,37.389749,-6.032198,11,
A-49 - Saída 1B,37.380821,-6.03951,64,
A-49 - Saída 2,37.382185,-6.046634,95,
A-49 - Saída 3,37.383528,-6.061439,117,
A-49 - Saída 5,37.375756,-6.081259,107,
A-49 - Saída 11,37.359894,-6.141831,106,
A-49 - Saída 14,37.35705,-6.170968,117,
A-49 - Saída 16,37.361177,-6.200042,119,
A-49 - Saída 23,37.361314,-6.272721,42,
A-49 - Saída 28,37.359343,-6.324953,73,
A-49 - Saída 34,37.353366,-6.390037,121,
A-49 - Saída 48,37.358017,-6.540221,155,
A-49 - Saída 53,37.352425,-6.599305,135,
A-49 - Saída 60,37.342624,-6.676494,58,
A-49 - Saída 75,37.323655,-6.842263,15,
A-49 - Saída 81,37.322471,-6.908251,14,
A-49 - Saída 87,37.356547,-6.957409,18,
A-49 - Saída 94,37.335614,-7.022817,33,
A-49 - Saída 99,37.323243,-7.072187,63,
A-49 - Saída 105,37.333403,-7.155361,54,
A-49 - Saída 113,37.297213,-7.218757,39,
A-49 - Saída 117,37.275938,-7.250109,48,
A-49 - Saída 122,37.260188,-7.305056,52,
A-49 - Saída 125,37.250704,-7.337204,41,
A-49 - Saída 129,37.239183,-7.378359,10,
A-49 - Saída 131,37.238819,-7.404641,8,
A-5 - Saída 31,40.280422,-4.009279,647,
A-5 - Saída 32,40.279278,-4.021794,654,
A-5 - Saída 36,40.247335,-4.055727,666,
A-5 - Saída 40,40.226942,-4.072286,654,
A-5 - Saída 43,40.206918,-4.101534,647,
A-5 - Saída 47,40.185181,-4.131833,651,
A-5 - Saída 49,40.177328,-4.147234,641,
A-5 - Saída 52,40.159625,-4.171415,631,
A-5 - Saída 58,40.126137,-4.224093,616,
A-5 - Saída 61,40.117514,-4.265287,582,
A-5 - Saída 66,40.114435,-4.313355,560,
A-5 - Saída 69,40.098136,-4.336664,541,
A-5 - Saída 72,40.073103,-4.362511,505,
A-5 - Saída 74,40.065368,-4.367106,482,
A-5 - Saída 79,40.03692,-4.414369,505,
A-5 - Saída 83,40.025218,-4.460164,462,
A-5 - Saída 85,40.021880,-4.483322,451,
A-5 - Saída 86,40.021211,-4.504668,446,
A-5 - Saída 88,40.020008,-4.519727,439,
A-5 - Saída 90,40.015974,-4.554166,466,
A-5 - Saída 91,40.016007,-4.556537,467,
A-5 - Saída 92,40.014955,-4.571233,466,
A-5 - Saída 96,40.011685,-4.615029,450,
A-5 - Saída 101,39.996024,-4.670723,434,
A-5 - Saída 106,39.981871,-4.728421,380,
A-5 - Saída 111,40.012563,-4.779772,410,
A-5 - Saída 115,40.006725,-4.820454,414,
A-5 - Saída 118,39.984211,-4.848202,407,
A-5 - Saída 123,39.960547,-4.904783,391,
A-5 - Saída 124,39.958053,-4.915921,402,
A-5 - Saída 126,39.950647,-4.937443,402,
A-5 - Saída 128,39.943522,-4.95231,403,
A-5 - Saída 130,39.936597,-4.980141,402,
A-5 - Saída 135,39.921532,-5.039117,414,
A-5 - Saída 142,39.925801,-5.116265,357,
A-5 - Saída 145,39.93045,-5.13996,370,
A-5 - Saída 146,39.928493,-5.167659,358,
A-5 - Saída 148,39.925254,-5.182658,350,
A-5 - Saída 152,39.909239,-5.214533,360,
A-5 - Saída 154,39.902643,-5.244972,351,
A-5 - Saída 157,39.900868,-5.277588,352,
A-5 - Saída 163,39.894862,-5.345353,321,
A-5 - Saída 171,39.890626,-5.4297,304,
A-5 - Saída 174,39.889394,-5.466118,299,
A-5 - Saída 178,39.889207,-5.511937,298,
A-5 - Saída 182,39.875061,-5.54951,399,
A-5 - Saída 184,39.872034,-5.571895,346,
A-5 - Saída 186,39.865104,-5.600794,297,
A-5 - Saída 190,39.850757,-5.62779,282,
A-5 - Saída 192,39.835029,-5.651079,265,
A-5 - Saída 193,39.830299,-5.656543,266,
A-5 - Saída 197,39.808644,-5.669402,295,
A-5 - Saída 200,39.790206,-5.699612,316,
A-5 - Saída 207,39.760393,-5.732849,329,
A-5 - Saída 210,39.731447,-5.719533,417,
A-5 - Saída 219,39.68705,-5.717229,572,
A-5 - Saída 227,39.659607,-5.793176,467,
A-5 - Saída 232,39.629555,-5.820932,475,
A-5 - Saída 240,39.567127,-5.833829,465,
A-5 - Saída 250,39.483788,-5.849131,510,
A-5 - Saída 253,39.457529,-5.863241,518,
A-5 - Saída 259,39.412014,-5.887994,439,
A-5 - Saída 268,39.337683,-5.856734,466,
A-5 - Saída 269,39.325032,-5.858177,487,
A-5 - Saída 272,39.303232,-5.856888,412,
A-5 - Saída 275,39.271781,-5.856639,378,
A-5 - Saída 277,39.258791,-5.863394,381,
A-5 - Saída 281,39.225767,-5.883584,357,
A-5 - Saída 287,39.175154,-5.898275,362,
A-5 - Saída 298,39.116861,-5.974408,276,
A-5 - Saída 300,39.102859,-6.000339,268,
A-5 - Saída 304,39.077379,-6.032025,263,
A-5 - Saída 310,39.036109,-6.06749,255,
A-5 - Saída 316,38.991439,-6.103279,239,
A-5 - Saída 318,38.98986,-6.121438,242,
A-5 - Saída 325,38.945597,-6.184011,273,
A-5 - Saída 331,38.953104,-6.241477,267,
A-5 - Saída 333,38.947914,-6.281962,251,
A-5 - Saída 341,38.937440,-6.363955,244,
A-5 - Saída 342,38.921952,-6.371603,223,
A-5 - Saída 346,38.906865,-6.389598,220,
A-5 - Saída 352,38.876745,-6.458187,202,
A-5 - Saída 354,38.874123,-6.476484,203,
A-5 - Saída 360,38.861350,-6.545259,196,
A-5 - Saída 365,38.854902,-6.607703,190,
A-5 - Saída 367,38.843326,-6.620401,237,
A-5 - Saída 372,38.848002,-6.681217,193,
A-5 - Saída 374,38.850891,-6.690803,192,
A-5 - Saída 376,38.850628,-6.713108,204,
A-5 - Saída 380,38.865167,-6.756390,194,
A-5 - Saída 382,38.865653,-6.773903,190,
A-5 - Saída 395,38.889609,-6.915135,171,
A-5 - Saída 400,38.920355,-6.964647,175,
A-5 - Saída 403,38.908453,-6.995358,214,
A-5 - Saída 407,38.885430,-7.025763,172,
A-66 - Saída 613,38.977201,-6.334319,281,
A-66 - Saída 626,38.900282,-6.369834,250,
A-66 - Saída 627,38.892127,-6.367393,251,
A-66 - Saída 630,38.862001,-6.363615,263,
A-66 - Saída 636,38.814307,-6.374413,290,
A-66 - Saída 641,38.773907,-6.380367,315,
A-66 - Saída 648,38.711603,-6.395990,335,
A-66 - Saída 650,38.691686,-6.382825,346,
A-66 - Saída 652,38.679841,-6.377953,361,
A-66 - Saída 654,38.662772,-6.379635,377,
A-66 - Saída 657,38.628808,-6.369381,368,
A-66 - Saída 659,38.613359,-6.365118,387,
A-66 - Saída 662,38.591976,-6.366840,397,
A-66 - Saída 666,38.551338,-6.363776,446,
A-66 - Saída 670,38.519508,-6.350430,458,
A-66 - Saída 675,38.472277,-6.360724,539,
A-66 - Saída 677,38.461982,-6.355521,556,
A-66 - Saída 682,38.419035,-6.345004,557,
A-66 - Saída 684,38.396748,-6.340492,555,
A-66 - Saída 687,38.373766,-6.333024,529,
A-66 - Saída 694,38.314447,-6.304011,521,
A-66 - Saída 700,38.262616,-6.297138,601,
A-66 - Saída 704,38.230648,-6.295160,575,
A-66 - Saída 715,38.135592,-6.274779,667,
A-66 - Saída 719,38.108638,-6.271339,720,
A-66 - Saída 722,38.084485,-6.260634,725,
A-66 - Saída 730,38.029922,-6.222301,534,
A-66 - Saída 741,37.948905,-6.229725,482,Parque Natural Sierra de Aracena y Picos de Aroche
A-66 - Saída 745,37.919514,-6.224624,504,Parque Natural Sierra de Aracena y Picos de Aroche
A-66 - Saída 747,37.903577,-6.213554,487,Parque Natural Sierra de Aracena y Picos de Aroche
A-66 - Saída 765,37.767531,-6.167602,406,
A-66 - Saída 768,37.738962,-6.173710,355,
A-66 - Saída 771,37.716447,-6.170044,361,
A-66 - Saída 782,37.628095,-6.145105,295,
A-66 - Saída 790,37.573227,-6.107458,159,
A-66 - Saída 795,37.534068,-6.093038,69,
A-66 - Saída 798,37.511061,-6.071201,49,
A-66 - Saída 805,37.456867,-6.044449,12,
A-66 - Saída 808,37.430924,-6.031791,7,
A-7 - Saída 103,36.113029,-5.455825,25,
A-7 - Saída 104,36.124918,-5.461969,38,
A-7 - Saída 105,36.131492,-5.464308,21,
A-7 - Saída 106,36.135745,-5.460400,36,
A-7 - Saída 107A,36.141840,-5.460273,41,
A-7 - Saída 107B,36.144032,-5.456139,34,
A-7 - Saída 108A,36.147809,-5.454239,34,
A-7 - Saída 108B,36.155543,-5.454928,27,
A-7 - Saída 108C,36.157291,-5.456848,22,
A-7 - Saída 109,36.161628,-5.459574,5,
A-7 - Saída 110A,36.165901,-5.457956,3,
A-7 - Saída 111,36.179130,-5.447593,4,
A-7 - Saída 112,36.182945,-5.441509,4,
A-7 - Saída 113A,36.187064,-5.437030,8,
A-7 - Saída 113B,36.191347,-5.433198,6,
A-7 - Saída 115,36.203496,-5.421385,8,
A-7 - Saída 116,36.205608,-5.414364,12,
A-7 - Saída 117,36.207552,-5.400542,10,
A-7 - Saída 119,36.213752,-5.379245,84,
A-7 - Saída 127,36.261057,-5.328956,72,
A-7 - Saída 130,36.285275,-5.311915,41,
A-7 - Saída 132,36.293233,-5.296447,10,
A-7/AP-7 - Saída 155,36.433242,-5.161364,35,
A-7 - Saída 158,36.432463,-5.121397,20,
A-7 - Saída 160,36.439617,-5.103036,9,
A-7 - Saída 163,36.453221,-5.079694,8,
A-7 - Saída 165,36.461387,-5.046225,10,
A-7 - Saída 168,36.471046,-5.011515,20,
A-7 - Saída 170,36.476336,-4.998403,18,
A-7 - Saída 172,36.485121,-4.980976,14,
A-7 - Saída 174,36.489061,-4.956879,8,
A-7 - Saída 175,36.496527,-4.948642,4,
A-7 - Saída 176,36.510127,-4.948157,11,
A-7/AP-7 - Saída 182,36.514207,-4.915104,64,
A-7/AP-7 - Saída 184,36.519054,-4.890873,68,
A-7/AP-7 - Saída 185,36.520772,-4.880525,75,
A-7/AP-7 - Saída 217,36.587012,-4.595799,216,
A-7/AP-7 - Saída 222,36.607189,-4.543143,211,
A-7 - Saída 226,36.645375,-4.512971,125,
A-7 - Saída 230,36.677635,-4.525992,24,
A-7 - Saída 235-237,36.751668,-4.492094,148,
A-7 - Saída 242,36.755207,-4.416746,92,
A-7 - Saída 243,36.742248,-4.403913,136,
A-7 - Saída 244,36.738732,-4.394677,120,
A-7 - Saída 245,36.733407,-4.376371,120,
A-7 - Saída 246,36.728685,-4.362948,65,
A-7 - Saída 254,36.724780,-4.274905,51,
A-8009 - Saída 2,37.453924,-5.970215,9,
A-8009 - Saída 4,37.467424,-5.967462,8,
A-8009 - Saída 5,37.480877,-5.966883,9,
A-8057 - Saída 0A,37.362863,-6.037469,37,
A-8057 - Saída 2,37.357206,-6.049056,78,
A-8058 - Saída 0,37.365542,-6.032121,23,
A-92 - Andalucía Residencial,37.386032,-5.929249,18,
A-92 - Saída 5,37.377893,-5.892741,31,
A-92 - Saída 7,37.356552,-5.865473,43,
A-92 - Saída 9,37.354184,-5.852507,82,
A-92 - Saída 12,37.344730,-5.822126,92,
A-92 - Saída 14,37.328010,-5.816753,59,
A-92 - Saída 15,37.327547,-5.805130,81,
A-92 - Saída 23,37.303969,-5.723706,50,
A-92 - Saída 27,37.283053,-5.680281,60,
A-92 - Saída 37,37.255644,-5.572011,80,
A-92 - Saída 38,37.254934,-5.564381,84,
A-92 - Saída 40,37.250141,-5.551363,86,
A-92 - Saída 41,37.257580,-5.537408,96,
A-92 - Saída 43,37.262549,-5.529363,99,
A-92 - Saída 46,37.274037,-5.489814,124,
A-92 - Saída 49,37.275136,-5.446988,135,
A-92 - Saída 63,37.230366,-5.323084,159,
A-92 - Saída 65,37.231751,-5.301976,159,
A-92 - Saída 80,37.236021,-5.129851,220,
A-92 - Saída 82,37.228460,-5.112946,242,
A-92 - Saída 84,37.229065,-5.092464,275,
A-92 - Saída 84A,37.231867,-5.088109,289,
A-92 - Saída 85,37.235150,-5.081359,301,
A-92 - Saída 92,37.249381,-5.011187,252,
A-92 - Saída 95,37.257898,-4.983649,293,
A-92 - Saída 97,37.264794,-4.958983,334,
A-92 - Saída 103,37.293452,-4.903854,481,
A-92 - Saída 105,37.302625,-4.879068,453,
A-92 - Saída 106,37.301276,-4.867249,435,
A-92 - Saída 109,37.286265,-4.858751,480,
A-92 - Saída 112,37.274391,-4.823066,428,
A-92 - Saída 113,37.274490,-4.801172,392,
A-92 - Saída 120,37.223627,-4.784656,401,
A-92 - Saída 123,37.196312,-4.795175,415,
A-92 - Saída 125,37.183981,-4.779108,477,
A-92 - Saída 132,37.138668,-4.725445,435,
A-92 - Saída 138,37.118419,-4.668130,467,
A-92 - Saída 142,37.096205,-4.632651,413,
A-92 - Saída 146,37.070760,-4.598734,415,
A-92 - Saída 149,37.071889,-4.565445,427,
A-92 - Saída 160,37.082860,-4.451033,489,
A-92 - Saída 163,37.092282,-4.412296,538,
A-92 - Saída 167,37.113754,-4.391776,648,
A-92 - Saída 175,37.127886,-4.304584,761,
A-92 - Saída 178,37.139310,-4.276436,744,
A-92 - Saída 180,37.146496,-4.250050,717,
A-92 - Saída 183,37.151391,-4.226182,598,
A-92 - Saída 185,37.157589,-4.207885,498,
A-92 - Saída 187,37.162899,-4.186697,568,
A-92 - Saída 188,37.166565,-4.178813,567,
A-92 - Saída 193,37.162568,-4.121614,490,
A-92 - Saída 197,37.169079,-4.085742,487,
A-92 - Saída 200,37.180576,-4.057023,484,
A-92 - Saída 203,37.190304,-4.026896,502,
A-92 - Saída 206,37.192944,-3.996991,513,
A-92 - Saída 211,37.183374,-3.953886,570,
A-92 - Saída 213,37.180816,-3.928958,592,
A-92 - Saída 215,37.179024,-3.901389,577,
A-92 - Saída 218,37.194580,-3.868243,538,
A-92 - Saída 220,37.194283,-3.854178,545,
A-92 - Saída 221,37.192017,-3.838024,548,
A-92 - Saída 225,37.194472,-3.803270,554,
A-92 - Saída 227,37.190840,-3.778127,560,
A-92 - Saída 229,37.191335,-3.748804,568,
A-92 - Saída 236,37.223078,-3.705704,582,
A-92 - Saída 237,37.229851,-3.690646,640,
A-92 - Saída 239,37.232213,-3.667900,631,
A-92 - Saída 245,37.239259,-3.610007,765,
A-92 - Sevilha Este,37.386028,-5.922456,24,
A-92 - Torreblanca,37.385406,-5.914155,24,
A-92M - Saída 1,37.118235,-4.296804,762,
A-92M - Saída 7,37.068445,-4.327665,732,
A-92M - Saída 11,37.054095,-4.360512,748,
A-92M - Saída 16,37.021064,-4.389568,669,
A-92M - Saída 20,36.986582,-4.400895,669,
A13 - Saída 2,38.685239,-8.639099,70,
A16 - Saída 2,38.731928,-9.415821,120,
A2 - Saída 1,38.666386,-9.171944,30,
A2 - Saída 2,38.608382,-9.104305,14,
A2 - Saída 3,38.578689,-9.016780,45,
A2 - Saída 4,38.584756,-8.885703,78,
A2 - Saída 6,38.601171,-8.674048,43,
A2 - Saída 8,38.417911,-8.511853,41,
A2 - Saída 9,38.224989,-8.518896,67,
A2 - Saída 11,37.892310,-8.239932,127,
A2 - Saída 12,37.665539,-8.157774,253,
A2 - Saída 13,37.521372,-8.181839,235,
A2 - Saída 14,37.253438,-8.255587,125,
A22 - Início,37.157491,-8.743094,42,
A22 - Saída 1,37.141769,-8.719720,62,
A22 - Saída 2,37.156043,-8.691731,49,
A22 - Saída 3,37.172779,-8.633855,61,
A22 - Saída 4,37.175850,-8.567839,47,
A22 - Saída 5,37.177912,-8.529203,19,
A22 - Saída 6,37.150924, -8.451520,75,
A22 - Saída 7,37.135620,-8.357849,44,
A22 - Saída 8,37.139121,-8.323551,53,
A22 - Saída 9,37.136305,-8.255258,97,
A22 - Saída 11,37.146803,-8.125147,104,
A22 - Saída 12,37.120512,-8.040666,80,
A22 - Saída 13,37.095094,-7.993573,71,
A22 - Saída 14,37.09589,-7.916541,89,
A22 - Saída 15,37.10791,-7.800772,116,
A22 - Saída 16,37.137293,-7.694742,97,
A22 - Saída 17,37.199341,-7.49714,18,
A22 - Saída 18,37.230909,-7.448239,22,
A26 - Fim,38.103520,-8.280098,77,
A5 - Fim,38.722438,-9.447006,64,
A5 - Saída 1,38.724863,-9.184864,112,Parque Florestal de Monsanto
A5 - Saída 2,38.724587,-9.193881,170,Parque Florestal de Monsanto
A5 - Saída 3,38.720326,-9.207306,103,Parque Florestal de Monsanto
A5 - Saída 4,38.716501,-9.22229,36,
A5 - Saída 5,38.718075,-9.235249,90,
A5 - Saída 7,38.713453,-9.29711,67,
A5 - Saída 8,38.707931,-9.336863,78,
A5 - Saída 9,38.717585,-9.388258,72,
A5 - Saída 11,38.726369,-9.425376,93,
A5 - Saída 12,38.722589,-9.438451,81,
A6 - Saída 2,38.645978,-8.432217,128,
A6 - Saída 3,38.666552,-8.233110,177,
A6 - Saída 4,38.665075,-8.172909,251,
A6 - Saída 5,38.602540,-8.024516,324,
A6 - Saída 6,38.646643,-7.857189,264,
A6 - Saída 7,38.819754,-7.605934,312,
A6 - Saída 8,38.817511,-7.474756,422,
A6 - Saída 9,38.883006,-7.228457,394,
A6 - Saída 10,38.908953,-7.177894,336,
A6 - Saída 11,38.902961,-7.146798,240,
A6 - Saída 12,38.889935,-7.112100,208,
A6 - Saída 13,38.883746,-7.052777,176,
A9 CREL - Saída 2,38.747774,-9.273421,141,
Achada do Gamo,37.654760,-7.507547,125,
Aeródromo de Portimão,37.147621,-8.580169,2,
Aeroporto de Badajoz,38.894054,-6.818687,180,
Aeroporto de Beja,38.063206,-7.939608,188,
Aeroporto de Córdoba,37.844473,-4.843614,90,
Aeroporto de Faro,37.021647,-7.967967,6,
Aeroporto de Gibraltar,36.153987,-5.346462,4,
Aeroporto de Jerez,36.750464,-6.064958,25,
Aeroporto de Málaga - Costa del Sol,36.676401,-4.491684,9,
Aeroporto de Sevilha,37.423697,-5.899924,31,
Aeroporto Federico García Lorca Granada-Jaén,37.185033,-3.777586,568,
Afonso Vicente,37.493201,-7.541276,168,
Águas de Moura,38.583505,-8.689135,14,
"Álamo, Alcoutim",37.386987,-7.444663,28,
"Álamo, Mértola",37.581075,-7.685135,163,Parque Natural do Vale do Guadiana
Albernoa,37.860334,-7.958729,134,
Albufeira - Centro histórico,37.089685,-8.249905,30,
Albufeira - Rua da Oura,37.091326,-8.22766,40,
Alcácer do Sal,38.372084,-8.511099,30,
Alcantarilha,37.129966,-8.346888,20,
Alcaria,37.334335,-7.467049,109,
Alcaria dos Javazes,37.517812,-7.639286,218,
Alcarias Grandes,37.281621,-7.526595,102,
Alcoutim,37.469974,-7.472777,23,
Alferce,37.333179,-8.489565,330,
Algar de Benagil,37.087171,-8.423721,0,
Algarve Shopping,37.127444, -8.280092,89,
Algoz,37.163782,-8.304491,42,
Aljezur,37.316641,-8.801102,38,Parque Natural do Sudoeste Alentejano e Costa Vicentina
Aljustrel,37.876989,-8.164725,176,
Almada de Ouro,37.311138,-7.449001,21,
Almancil,37.08726,-8.031629,56,
Almodôvar,37.512121,-8.059819,288,
Alta Mora,37.306042,-7.592194,219,
Alte,37.235968,-8.175928,200,
Altura,37.176902,-7.499652,11,
Alves,37.605107,-7.564871,156,Parque Natural do Vale do Guadiana
Alvito,38.257039,-7.991934,229,
Alvor,37.130155,-8.593241,18,
Amareleja,38.208057,-7.226053,201,
Ameixal,37.364243,-7.963277,418,
Antiga Estação de Isla Cristina - Pozo del Camino,37.221285,-7.322543,4,
AP-4 - Início,37.242204,-5.910401,53,
AP-4 - Saída 23-24,37.163431,-5.908798,9,
AP-4 - Saída 44-45,36.979134,-5.951837,17,
AP-4 - Saída 53,36.907668,-5.969706,29,
AP-41 - Saída 2,40.256585,-3.886414,646,
AP-41 - Saída 8,40.213667,-3.891086,640,
AP-41 - Saída 16,40.155917,-3.907333,656,
AP-4A - Saída 13,37.261139,-5.920742,48,
AP-7 - Saída 142,36.377577,-5.263915,135,
AP-7 - Saída 172,36.499568,-5.006086,61,
AP-7 - Saída 200,36.505418,-4.716355,113,
AP-7 - Saída 213,36.566292,-4.629587,44,
AP-7 - Saída 226,36.637387,-4.509438,77,
Aqualand Algarve,37.135708,-8.365288,60,
Aquashow,37.093921,-8.072404,47,
Arahal,37.260348,-5.544021,120,
Área de Repouso de Castro Marim,37.236479,-7.437882,15,
Área de Serviço de Alcácer do Sal,38.515557,-8.585400,82,
Área de Serviço de Aljustrel,37.923720,-8.242707,99,
Área de Serviço de Almodôvar,37.536129,-8.183866,263,
Área de Serviço de Altos de Marbella,36.518514,-4.830436,59,
Área de Serviço de Arroyo de la Miel,36.612777,-4.527835,148,
Área de Serviço de Cortijo de Robledo,36.917477,-4.439805,557,
Área de Serviço de El Cuadrejón,36.781382,-6.043598,47,
Área de Serviço de El Fantasma,37.001929,-5.938830,58,
Área de Serviço de Estremoz,38.800045,-7.660434,244,
Área de Serviço de Grândola,38.167349,-8.491615,88,
Área de Serviço de Lagos,37.148775,-8.703188,36,
Área de Serviço de Los Palacios,37.195820,-5.910552,21,
Área de Serviço de Loulé,37.13666,-8.110515,79,
Área de Serviço de Manilva,36.332645,-5.266563,152,
Área de Serviço de Montemor-o-Novo,38.617671,-8.079619,297,
Área de Serviço de Oeiras,38.714190,-9.285304,82,
Área de Serviço de Olhão,37.125327,-7.770864,114,
Área de Serviço de Palmela,38.585227,-8.930490,64,
Área de Serviço de Polvoranca,40.337014,-3.802135,679,
Área de Serviço de Río Castor,36.464264,-5.115708,85,
Área de Serviço de Seixal,38.623056,-9.133344,21,
Área de Serviço de Silves,37.151517,-8.427001,63,
Área de Serviço de Vendas Novas,38.621733,-8.578584,78,
Armação de Pêra,37.103726,-8.358920,6,
Aroche,37.944264,-6.953652,405,
Autódromo Internacional do Algarve,37.231507,-8.628383,105,
"Avenida de España, La Línea de la Concepción",36.164777,-5.360756,4,
"Avenida de Jacinto Benavente, Málaga",36.750590,-4.424563,34,
Ayamonte,37.215788,-7.405922,20,
Azinhal,37.284774,-7.464246,92,
Balurco de Baixo,37.424817,-7.508199,213,
Balurco de Cima,37.429009,-7.524442,209,
Bar do Rio,37.397346,-7.446943,4,
Barão de São João,37.138801,-8.778051,74,
Barão de São Miguel,37.107253,-8.795208,30,
Barra do Guadiana,37.168914,-7.403016,2,
Barragem da Bravura,37.201997,-8.698414,85,
Barragem de Alcoutim,37.470763,-7.492562,55,
Barragem de Odeleite,37.325371,-7.529632,55,
Barragem de Santa Clara,37.513786,-8.442038,134,
Barragem do Alqueva,38.197295,-7.496486,145,
Barragem do Beliche,37.275203,-7.509301,52,
Barranco das Pereiras,37.375979,-7.440443,9,
Barranco do Velho,37.237686,-7.936897,471,
Barrancos,38.131245,-6.976935,340,
Barriada de Canela,37.199587,-7.403262,3,
Beja,38.015317,-7.862804,270,
Beliche,37.275026,-7.505045,40,
Benafim,37.234108,-8.126277,278,
Bens,37.604861,-7.532858,120,
Bensafrim,37.155291,-8.735569,30,
Besteiros,37.520107,-7.671043,215,
Bicada,37.585491,-7.698087,163,
Boavista,37.570953,-7.624094,159,Parque Natural do Vale do Guadiana
Boliqueime,37.132464,-8.159134,77,
Bollullos Par del Condado,37.338304,-6.538021,120,
Bordeira,37.196339,-8.861404,31,Parque Natural do Sudoeste Alentejano e Costa Vicentina
Botelhas,37.252154,-7.491482,49,
Brinhosa,37.314868,-7.540571,159,
Budens,37.086905,-8.830957,49,
Burgau,37.072898,-8.774542,25,Parque Natural do Sudoeste Alentejano e Costa Vicentina
CA-34 - Acesso à Refinaria,36.191389,-5.385167,5,
CA-34 - Puente Mayorga,36.182248,-5.380882,5,
Cabanas de Tavira,37.13531,-7.600363,3,Ria Formosa
Cabeço da Junqueira,37.249328,-7.482872,55,
Cabo de Santa Maria,36.959245,-7.891501,0,Ria Formosa - Ilha da Barreta
Cabo de São Vicente,37.023133,-8.996423,60,Parque Natural do Sudoeste Alentejano e Costa Vicentina
Cacela Velha,37.157275,-7.546349,26,Ria Formosa
Cachopo,37.332957,-7.817305,387,
Cais da Mesquita,37.55446,-7.526229,4,Parque Natural do Vale do Guadiana
Cais da Praia do Barril,37.091461,-7.673185,1,Ria Formosa - Ilha de Tavira
Caldas de Monchique,37.284505,-8.554239,210,
"Calle Cartagena, La Línea de la Concepción",36.176928,-5.348877,9,
"Campamento, San Roque",36.175365,-5.374118,10,
Canal Caveira,38.134474,-8.488352,47,
Carmona,37.471167,-5.641719,217,
Carrapateira,37.183972,-8.894624,32,Parque Natural do Sudoeste Alentejano e Costa Vicentina
Cartaya,37.283868,-7.153844,22,
Carvoeiro,37.097062,-8.471109,10,
"Casa Branca, Alcoutim",37.427782,-7.510975,206,
"Casa Branca, Castro Marim",37.318916,-7.514484,130,
Cascata do Pego do Inferno,37.155403,-7.696081,10,
Cascata do Pulo do Lobo - Margem Esquerda,37.804322,-7.633016,30,Parque Natural do Vale do Guadiana
Cascata do Pulo do Lobo - Margem Direita,37.804165,-7.633939,32,Parque Natural do Vale do Guadiana
Casinhas,37.254808,-7.4764,18,
Castelo de Paderne,37.157185,-8.200162,90,
Castro de Alferce,37.321503,-8.491470,482,
Castro Marim,37.217646,-7.442295,4,Sapal de Castro Marim e Vila Real de Santo António
Castro Marim Golfe & Country Club,37.23602,-7.469165,73,
Castro Verde,37.700053,-8.085895,240,
Centro Penitenciario de Huelva,37.318956,-6.882963,18,
Cercado,37.428955,-7.518699,196,
Cercal do Alentejo,37.800576,-8.672848,160,
Cerro,37.426515,-7.513789,220,
Cerro do Enho,37.256426,-7.522096,151,
Choça Queimada,37.32165,-7.520856,120,
CM-41 - Saída 2,40.169295,-4.109204,630,
CO-32 - Fim,37.867263,-4.812437,102,
CO-32 - Saída 3,37.841956,-4.801985,120,
Coito,37.475472,-7.590636,222,
Colos,37.734081,-8.459506,151,
"Conceição, Faro",37.061574,-7.9177,33,
"Conceição, Tavira",37.147989,-7.604968,29,
Coria del Río,37.288856,-6.053764,7,
Corte da Seda,37.44543,-7.496576,160,
Corte das Donas,37.387577,-7.467297,151,
Corte do Gago,37.289261,-7.547352,160,
Corte João Marques,37.37104,-7.900949,295,
Corte Nova,37.365236,-7.544351,188,
Corte Velha,37.372536,-7.543409,185,
Cortes Pereiras,37.493132,-7.512727,141,
Corte Tabelião,37.464563,-7.511891,141,
Costa Esuri,37.257626,-7.414094,10,
Cross of Sacrifice,36.148587,-5.349289,3,
Cruzamento I da A-7 com a AP-7,36.297295,-5.283930,18,
Cruzamento II da A-7 com a AP-7,36.433295,-5.173107,66,
Cruzamento III da A-7 com a AP-7,36.436907,-5.136340,28,
Cruzamento IV da A-7 com a AP-7,36.512987,-4.929657,54,
Cruzamento V da A-7 com a AP-7,36.520949,-4.866504,77,
Cruzamento VI da A-7 com a AP-7,36.570743,-4.624111,57,
Cruzamento VII da A-7 com a AP-7,36.623396,-4.517056,124,
Cruzamento da A-318 com a A-45,37.406934,-4.530687,424,
Cruzamento da A-32 com a A-44,38.098815,-3.740827,328,
Cruzamento da A-357 com a A-7,36.712259,-4.509674,22,
Cruzamento da A-376 com a SE-30,37.359407,-5.955099,10,
Cruzamento da A-376 com a SE-40,37.317631,-5.897760,68,
Cruzamento da A-381 com a A-7,36.171301,-5.456101,3,
Cruzamento da A-381 com a AP-4,36.653944,-6.084879,8,
Cruzamento da A-382 com a AP-4,36.704894,-6.074729,13,
Cruzamento da A-383 com a A-7,36.237350,-5.344005,156,
Cruzamento da A-4 com a A-44,38.120721,-3.760710,371,
Cruzamento da A-4 com a A-45,37.826958,-4.794385,140,
Cruzamento da A-4 com a AP-4,36.540948,-6.168066,6,
Cruzamento da A-4 com a CO-31,37.889575,-4.744859,102,
Cruzamento da A-4 com a SE-20,37.415523,-5.927024,18,
Cruzamento da A-4 Norte com a SE-30,37.408012,-5.948593,20,
Cruzamento da A-4 Norte com a SE-40,37.431546,-5.842137,38,
Cruzamento da A-4 Sul com a SE-30,37.341333,-5.981543,4,
Cruzamento da A-4 Sul com a SE-40,37.296855,-5.979238,13,
Cruzamento da A-40 com a A-5,40.051674,-4.383975,469,
Cruzamento da A-44 com a A-92,37.233578,-3.664623,640,
Cruzamento da A-42 com a M-40,40.364798,-3.720714,609,
Cruzamento da A-45 com a A-7,36.757216,-4.426484,42,
Cruzamento da A-45 com a A-92,37.070510,-4.529941,446,
Cruzamento da A-45 com a A-92M,36.967613,-4.442754,797,
Cruzamento da A-45 com a AP-46,36.949307,-4.441751,646,
Cruzamento da A-49 com a H-31,37.312759,-6.876701,13,
Cruzamento da A-49 com a A-483,37.354358,-6.559195,127,
Cruzamento da A-49 com a SE-30,37.389184,-6.026031,5,
Cruzamento da A-49 com a SE-40,37.368806,-6.10437,86,
Cruzamento da A-5 com a A-58,39.499462,-5.840492,477,
Cruzamento da A-5 com a A-66 Norte,38.944092,-6.343036,268,
Cruzamento da A-5 com a A-66 Sul,38.910364,-6.378265,244,
Cruzamento da A-5 com a CM-41,40.187718,-4.121239,651,
Cruzamento da A-5 com a EX-A1,39.871061,-5.585253,313,
Cruzamento da A-5 com a EX-A2,39.130461,-5.949464,277,
Cruzamento da A-5 com a R-5,40.265977,-4.039013,654,
Cruzamento da A-66 com a SE-30,37.412414,-6.033472,12,
Cruzamento da A-7 com a AP-46,36.756716,-4.483843,192,
Cruzamento da A-7 com a CA-34,36.206684,-5.385194,54,
Cruzamento da A-7 com a MA-20,36.747074,-4.437679,103,
Cruzamento da A-8005 com a SE-20,37.433983,-5.966298,11,
Cruzamento da A-8009 com a SE-20,37.436078,-5.973137,13,
Cruzamento da A-92 com a A-92G,37.191388,-3.738156,571,
Cruzamento da A-92 com a A-92M,37.129865,-4.288358,729,
Cruzamento da A-92 com a GR-30,37.241528,-3.651907,689,
Cruzamento da A-92 com a SE-30,37.386323,-5.938242,20,
Cruzamento da A-92 com a SE-40,37.362057,-5.873598,38,
Cruzamento da A12 com a A2,38.581137,-8.863207,48,
Cruzamento da A16 com a A5,38.726438,-9.417486,107,
Cruzamento da A16 com a A9 CREL,38.769107,-9.268470,178,
Cruzamento da A2 com a A6 e a A13,38.602459,-8.643525,51,
Cruzamento da A2 com a A22,37.154436,-8.209989,94,
Cruzamento da A2 com a A26,38.118064,-8.414056,72,
Cruzamento da A5 com a A9 CREL,38.714489,-9.2642,64,
Cruzamento da AP-41 com a R-5,40.273252,-3.888339,639,
Cruzamento da H-30 com a H-31,37.277543,-6.921695,22,
Cruzamento da M-40 com a M-45,40.359101,-3.763568,664,
Cruzamento da M-40 com a R-5,40.361847,-3.744705,635,
Cruzamento da M-45 com a R-5,40.353109,-3.754838,627,
Cruzamento da M509 com a M512,37.313195,-7.551205,172,
Cruzamento da M524 com a M525,37.191082,-8.025535,127,
Cruzamento da MA-20 com a MA-23,36.669807,-4.467131,18,
Cruzamento da N-431 com a N-444,37.278547,-7.185022,10,
Cruzamento da N120 com a N120-1,37.851273,-8.710563,165,
Cruzamento da N120 com a N125,37.112844,-8.681514,7,
Cruzamento da N120 com a N268,37.257986,-8.813080,78,
Cruzamento da N122 com a M1059,37.400355,-7.508941,176,
Cruzamento da N122 com a M1060,37.373061,-7.527176,156,
Cruzamento da N122 com a M1063,37.318274,-7.480551,124,
Cruzamento da N122 com a M507,37.480886,-7.561668,195,
Cruzamento da N122 com a M507-2,37.406191,-7.507953,168,
Cruzamento da N122 com a M512,37.281742,-7.470695,93,
Cruzamento da N122 com a N123,37.702519,-7.748,180,Parque Natural do Vale do Guadiana
Cruzamento da N122 com a N267,37.630994,-7.680053,106,Parque Natural do Vale do Guadiana
Cruzamento da N123 com a N263,37.604124,-8.610436,23,
Cruzamento da N123-1 com a N263,37.711360,-8.440538,200,
Cruzamento da N124 com a M507-1,37.450294,-7.693499,271,
Cruzamento da N124 com a N125,37.156309,-8.537505,25,
Cruzamento da N124 com a N266,37.200426,-8.529317,13,
Cruzamento da N124 com a N270,37.244393,-8.249638,161,
Cruzamento da N124 com a N396,37.231853,-7.961769,315,
Cruzamento da N124-1 com a N125,37.139328, -8.468676,56,
Cruzamento da N125 com a M1347,37.100225,-7.682129,24,
Cruzamento da N125 com a M516-2,37.063244,-7.75982,7,
Cruzamento da N125 com a M526,37.118547,-8.138639,39,
Cruzamento da N125 com a M531-1,37.161191,-8.569327,9,
Cruzamento da N125 com a M535,37.093659,-8.807304,30,
Cruzamento da N125 com a M537-2,37.090887,-8.782888,14,
Cruzamento da N125 com a N125-6,37.184062,-7.483801,20,
Cruzamento da N125 com a N269,37.123170,-8.223860,83,
Cruzamento da N125 com a N395,37.119146,-8.246176,68,
Cruzamento da N125 com a N396,37.098617,-8.050912,43,
Cruzamento da N125 com a N398,37.043428,-7.818297,17,
Cruzamento da N125-4 com a M521,37.123857,-8.016177,142,
Cruzamento da N265 com a N392,37.820185,-7.500759,233,
Cruzamento da N266 com a N267 Oeste,37.297409,-8.565256,351,
Cruzamento da N269 com a N269-2,37.151259,-8.272834,58,
Cruzamento da SE-20 com a SE-30,37.413544,-6.00624,15,
Cruzamento do IC1 com o IP8,38.205283,-8.563367,85,
Cruzamento do IC4 com a M520,37.051365,-7.953663,10,
Cruzamento do IC4 com a N125,37.073374,-7.97838,33,
Cruzamento Este da A-7 com a MA-24,36.723538,-4.301936,88,
Cruzamento Oeste da A-7 com a MA-24,36.732357,-4.353453,106,
Cruzamento Sul da MA-20 com a MA-21,36.648404,-4.488732,24,
Cuba,38.165358,-7.891609,175,
Culatra,36.993994,-7.840545,2,Ria Formosa - Ilha da Culatra
Deserto,37.428911,-7.516223,198,
Don Benito,38.953866,-5.862498,285,
Dunas de Vila Real de Santo António,37.183042,-7.430759,4,
Écija,37.541854,-5.081388,108,
Eixo Norte-Sul - Alcântara,38.709584,-9.177854,45,
El Cuervo de Sevilla,36.853502,-6.038737,62,
El Granado,37.520717,-7.416822,135,
Encinasola,38.136157,-6.872504,430,Parque Natural Sierra de Aracena y Picos de Aroche
Entradas,37.776403,-8.012497,177,
Ervidel,37.965864,-8.085745,169,
Espiche,37.101342,-8.738463,78,
Espírito Santo,37.543213,-7.647608,175,
Estação de Albufeira - Ferreiras,37.128592,-8.233035,81,
Estação de Alcáçovas,38.406713,-8.095441,190,
Estação de Alcantarilha,37.169876,-8.348605,34,
Estação de Almancil,37.095071,-8.024076,70,
Estação de Alvito,38.232976,-8.000178,145,
Estação de Amoreiras - Odemira,37.690014,-8.414970,159,
Estação de Boliqueime,37.122815,-8.152667,46,
Estação de Bom João,37.014076,-7.92142,6,
Estação de Cacela,37.176448,-7.538596,39,
Estação de Castro Marim,37.196822,-7.483779,3,
Estação de Ermidas - Sado,38.002478,-8.414080,78,
Estação de Estômbar - Lagoa,37.143429,-8.485506,18,
Estação de Faro,37.018466,-7.939585,2,
Estação de Ferragudo,37.138716,-8.519069,3,
Estação de Funcheira,37.727240,-8.337805,101,
Estação de Fuseta-A,37.053515,-7.74973,14,
Estação de Fuseta-Moncarapacho,37.06012,-7.75126,5,
Estação de Lagos,37.108514,-8.671666,3,
Estação de Loulé,37.104634,-8.058654,50,
Estação da Luz,37.089047,-7.700091,26,
Estação de Messines - Alte,37.255522,-8.290915,144,
Estação de Monte Gordo,37.190063,-7.448293,3,
Estação de Parque das Cidades,37.080296,-7.984628,41,
Estação da Porta Nova,37.133203,-7.647859,24,
Estação de Portimão,37.144542,-8.537462,2,
Estação de Santa Clara - Sabóia,37.495793,-8.481475,50,
Estação de Silves,37.175774,-8.440459,52,
Estação de Tavira,37.121088,-7.655511,28,
Estádio Algarve,37.08825,-7.974713,47,
Estepa,37.291665,-4.877462,520,
Estoi,37.094233,-7.895173,110,
Estômbar,37.146234,-8.485166,24,
"Estrela, Moura",38.268534,-7.388922,163,
EX-A2 - Fim,38.968825,-5.817421,293,
EX-A2 - Saída 6,39.106409,-5.898604,275,
EX-A2 - Saída 8,39.088456,-5.891802,265,
EX-A2 - Saída 15,39.029984,-5.871028,250,
EX-A2 - Saída 20,38.991471,-5.85974,250,
EX-A2 - Saída 23,38.982628,-5.828538,268,
Faro - Avenida Calouste Gulbenkian,37.025699,-7.93572,30,
Faro - São Pedro,37.018508,-7.935332,10,
Faro - Sé,37.018561,-7.921867,20,
Ferragudo,37.122789,-8.519334,28,
Ferreira do Alentejo,38.058810,-8.115951,138,
Ferreiras,37.127063,-8.243894,74,
Fóia,37.315850,-8.596604,902,
Fonte Benémola,37.205717,-8.003217,142,Fonte Benémola
Fonte do Penedo,37.328374,-7.471413,100,
Fonte Zambujo,37.418809,-7.579482,225,
Fonte Zambujo de Baixo,37.414693,-7.585233,209,
Fonte Zambujo de Cima,37.423578,-7.57889,240,
Formoa,37.554394,-7.540005,50,Parque Natural do Vale do Guadiana
Forum Algarve,37.028857,-7.944702,6,
Foz de Odeleite,37.354951,-7.44231,18,
Fronteira Espanha-Gibraltar - Lado de Gibraltar,36.154746,-5.348576,4,
Fronteira Espanha-Gibraltar - Lado espanhol,36.155424,-5.348380,3,
Furnazinhas,37.362947,-7.57395,180,
Fuseta,37.055108,-7.746517,6,
Gelves,37.340953,-6.02616,6,
Gibraleón,37.375423,-6.968658,27,
Giões,37.471661,-7.695203,205,
Grândola,38.176890,-8.565237,99,
Guerreiros do Rio,37.396353,-7.446837,18,
Guia,37.126255,-8.298924,53,
H-31 - Saída 80,37.308308,-6.892289,9,
Hangares,36.985922,-7.855092,3,Ria Formosa - Ilha da Culatra
Hortas,37.18847,-7.444839,4,
IC1 - Cruzamento com a N124,37.250919,-8.272591,105,
IC1 - Cruzamento com a N263,37.787552,-8.327132,115,
IC1 - Fim,37.128002,-8.257777,83,
IC27 - Fim,37.478582,-7.556871,187,
IC27 - Início,37.234635,-7.447468,7,
IC27 - Saída 1,37.24199,-7.454785,53,
IC27 - Saída 2,37.29307,-7.487294,113,
IC27 - Saída 3,37.315314,-7.48781,118,
IC27 - Saída 4,37.334783,-7.492552,68,
IC27 - Saída 5,37.358173,-7.517545,148,
IC27 - Saída 6,37.400166,-7.524631,116,
IC27 - Saída 7,37.430967,-7.532168,222,
Ilha da Armona,37.019218,-7.802199,4,Ria Formosa - Ilha da Armona
Ilha do Farol,36.975104,-7.864938,2,Ria Formosa - Ilha da Culatra
IP2 - Saída 38,38.252942,-7.784170,310,
IP2 - Saída 39,38.220461,-7.796944,219,
IP2 - Saída 40,38.200254,-7.800399,183,
IP2 - Saída 41,38.156624,-7.828779,177,
IP2 - Saída 42,37.971947,-7.874439,210,
IP2 - Saída 43,37.930155,-7.871403,197,
IP2 - Saída 44,37.910445,-7.871843,171,
IP2 - Saída 45,37.893073,-7.895861,180,
IP2 - Saída 46,37.863947,-7.952393,144,
IP2 - Saída 47,37.835534,-7.964623,163,
IP2 - Saída 48,37.708535,-8.084835,237,
IP2 - Saída 49,37.694831,-8.098677,217,
IP2 - Saída 50,37.677564,-8.137201,231,
IP8 - Início,37.939691,-8.830744,26,
Isla Cristina,37.199897,-7.322322,3,
Junqueira,37.254084,-7.470771,17,
La Carlota,37.670755,-4.935385,214,
La Línea de la Concepción - Centro da cidade,36.168163,-5.348955,7,
La Puebla de Cazalla,37.222950,-5.313653,173,
Lagoa,37.135183,-8.452517,53,
Lagos,37.101359,-8.672518,10,
Laranjeiras,37.403058,-7.457947,10,
Lepe,37.255024,-7.20303,21,
Lombardos,37.587178,-7.642559,123,Parque Natural do Vale do Guadiana
Loulé,37.138646,-8.020993,176,
Livramento,37.074243,-7.732431,10,
"Luz, Lagos",37.086444,-8.730622,28,
Luz de Tavira,37.092083,-7.704389,33,
Luzianes,37.586656,-8.491707,109,
M-40 - Saída 28A,40.359686,-3.754172,649,
MA-20 - Saída 1,36.653179,-4.478648,8,
Mairena del Aljarafe,37.350470,-6.049277,78,
Manta Rota,37.167488,-7.520107,6,
Mar Shopping Algarve,37.098628,-7.998482,83,
Marchena,37.328643,-5.415876,134,
Marina de Albufeira,37.084085,-8.267512,4,
Marina de Lagos,37.107874,-8.674058,3,
Marina de Portimão,37.118834,-8.528009,3,
Marismas de Isla Cristina,37.201359,-7.351221,2,
Marmeleiro,37.452326,-7.479719,122,
Marmelete,37.311379,-8.668884,374,
Martim Longo,37.43955,-7.768907,285,
Meia Praia,37.116700,-8.646935,3,
Menires do Lavajo,37.50142,-7.534983,140,
Mértola,37.641575,-7.660828,60,Parque Natural do Vale do Guadiana
Mesquita,37.540953,-7.537359,123,Parque Natural do Vale do Guadiana
Messejana,37.832113,-8.242402,207,
Mexilhoeira da Carregação,37.144388,-8.508279,13,
Mexilhoeira Grande,37.158254,-8.614530,41,
Mimosa,37.947085,-8.380692,61,
Mina de Neves-Corvo,37.573915,-7.971238,212,
Mina de Sal-Gema de Loulé,37.134876,-8.007782,196,
Mina de São Domingos,37.673647,-7.4984,155,Parque Natural do Vale do Guadiana
Miradouro do Caldeirão,37.301705,-7.95039,577,
Moinhos de Vento de Baixo,37.549479,-7.689897,230,
Moinhos de Vento de Cima,37.546466,-7.696261,223,
Moncarapacho,37.08519,-7.787652,50,
Monchique,37.318032,-8.555812,440,
Monte Alto,37.625567,-7.623546,148,Parque Natural do Vale do Guadiana
Monte Costa,37.640709,-7.566385,167,Parque Natural do Vale do Guadiana
Monte Fernandes,37.620130,-7.620569,128,Parque Natural do Vale do Guadiana
Monte Francisco,37.235113,-7.451201,16,
Monte Gordo,37.180685,-7.449131,5,
Monte Vascão,37.513199,-7.525509,124,
Montenegro,37.032185,-7.961368,27,
Montes Altos,37.651812,-7.494929,167,
Montes Castelhanos,37.257686,-7.472255,26,
Montinho,37.425271,-7.514797,215,
Montinho das Laranjeiras,37.405647,-7.463037,22,
Montinho de Odeleite,37.343914,-7.530219,148,
Moreanes,37.646636,-7.559927,148,Parque Natural do Vale do Guadiana
Moura,38.141131,-7.450092,182,
Murteira de Baixo,37.303901,-7.491383,123,
Murteira de Cima,37.306248,-7.494167,130,
N125 - Acesso a Estômbar e Ferragudo,37.151972,-8.495598,6,
N125 - Acesso à Saída 1 da A22,37.108463,-8.697112,38,
N125 - Acesso à Saída 2 da A22,37.139473,-8.663014,21,
N125 - Acesso à Saída 3 da A22,37.158630,-8.632365,4,
Neves,37.618562,-7.676569,103,Parque Natural do Vale do Guadiana
Norte do Sapal de Castro Marim e Vila Real de Santo António,37.24116,-7.426341,1,Sapal de Castro Marim e Vila Real de Santo António
Odeceixe,37.433106,-8.770232,48,Parque Natural do Sudoeste Alentejano e Costa Vicentina
Odeleite,37.334251,-7.487819,33,
Odemira,37.596897,-8.640560,36,
Odiáxere,37.149293,-8.656241,18,
"Odivelas, Ferreira do Alentejo",38.168128,-8.147581,77,
Olhão,37.026148,-7.842197,3,
Olhos de Água,37.093486,-8.190926,35,
Oliva de la Frontera,38.276575,-6.917339,373,
Osuna,37.237338,-5.103309,286,
Ourique,37.652000,-8.225072,215,
Paderne,37.176253,-8.202264,76,
Palmeira,37.398627,-7.52961,85,
Paradas,37.289675,-5.495479,126,
Parchal,37.136550,-8.516689,8,
Parque Empresarial de Alcoutim,37.437696,-7.509327,174,
Parque Mineiro Cova dos Mouros,37.403339,-7.717642,194,
Parque Municipal do Sítio das Fontes,37.161972,-8.485661,6,
Parque Temático da Serra do Caldeirão,37.242737,-7.933784,482,
"Paseo del Mediterráneo, La Línea de la Concepción",36.167240,-5.337731,3,
Paymogo,37.740617,-7.343653,174,
Pechão,37.057395,-7.872091,45,
Pedras de El-Rei,37.093915,-7.678125,13,Ria Formosa
Pedrera,37.224808,-4.895464,462,
Penha da Águia,37.58407,-7.595603,22,Parque Natural do Vale do Guadiana
"Pêra, Silves",37.119993,-8.341489,39,
Pereiro,37.446159,-7.596079,237,
Pias,38.021189,-7.476690,205,
Piçarral,37.295865,-7.477963,98,
Picoitos,37.589399,-7.56547,126,Parque Natural do Vale do Guadiana
Picota,37.307732,-8.531539,774,
Pinhal Novo,38.630126,-8.912986,40,
Pista do Aeroporto de Gibraltar,36.151192,-5.348712,3,
Poço Barreto,37.164008,-8.388715,43,
Polígono Industrial de Ayamonte,37.232794,-7.391258,7,
Pomarão,37.556289,-7.524924,24,Parque Natural do Vale do Guadiana
Ponta da Piedade,37.079472,-8.668779,40,
Ponta de Sagres,36.997361,-8.948779,38,Parque Natural do Sudoeste Alentejano e Costa Vicentina
Ponte do Centenário,37.349008,-5.993076,1,
Ponte de Alamillo,37.413298,-5.990623,11,
Ponte Internacional do Guadiana,37.237619,-7.419194,0,
Ponte Internacional do Baixo Guadiana,37.55509,-7.522702,17,
Porches,37.125932,-8.398577,84,
Portela Alta de Baixo,37.307345,-7.507371,159,
Portela Alta de Cima,37.311892,-7.509299,167,
Portimão - Avenida São Lourenço da Barrosa,37.132888,-8.545175,18,
Portimão - Centro histórico,37.140529,-8.536915,8,
Portimão - Zona ribeirinha,37.134552,-8.535114,3,
Porto Comercial de Portimão,37.127249,-8.530300,3,
Porto Covo,37.851199,-8.792533,27,Parque Natural do Sudoeste Alentejano e Costa Vicentina
Porto de Faro,37.003344,-7.918372,2,Ria Formosa
Porto de Pesca de Portimão,37.134488,-8.527612,3,
Póvoa de São Miguel,38.225190,-7.334263,205,
Pozo del Camino,37.224303,-7.315088,8,
Praia da Amoreira,37.349843,-8.844951,6,Parque Natural do Sudoeste Alentejano e Costa Vicentina
Praia da Arrifana,37.292325,-8.864630,4,Parque Natural do Sudoeste Alentejano e Costa Vicentina
Praia da Barreta,36.964761,-7.872067,2,Ria Formosa - Ilha da Barreta
Praia da Boca do Rio,37.066339,-8.808828,3,Parque Natural do Sudoeste Alentejano e Costa Vicentina
Praia da Bordeira,37.198304,-8.899774,0,Parque Natural do Sudoeste Alentejano e Costa Vicentina
Praia da Cacela Velha,37.15288,-7.542684,0,Ria Formosa - Ilha de Cabanas
Praia da Cordoama,37.109022,-8.937039,3,Parque Natural do Sudoeste Alentejano e Costa Vicentina
Praia da Cova Redonda,37.098722,-8.380841,5,
Praia da Falésia,37.086076,-8.167851,0,
Praia da Fuseta,37.043291,-7.74484,7,Ria Formosa - Ilha da Armona
Praia da Galé,37.082919,-8.319839,3,
Praia da Ilha de Tavira,37.110247,-7.620043,4,Ria Formosa - Ilha de Tavira
Praia da Marinha,37.089735,-8.412923,3,
Praia da Nossa Senhora da Rocha,37.097179,-8.385359,5,
Praia da Oura,37.08609,-8.225988,0,
Praia da Rocha,37.116398,-8.535407,4,
Praia de Benagil,37.087373,-8.425918,5,
Praia de Faro,37.001995,-7.98688,2,Ria Formosa
Praia de Cabanas de Tavira,37.133752,-7.589909,2,Ria Formosa - Ilha de Cabanas
Praia de Isla Canela,37.173693,-7.377384,4,
Praia de Monte Clérigo,37.340872,-8.852814,6,Parque Natural do Sudoeste Alentejano e Costa Vicentina
Praia de Odeceixe,37.442107,-8.797797,1,Parque Natural do Sudoeste Alentejano e Costa Vicentina
Praia de Santa Eulália,37.087918,-8.214419,0,
Praia de São Torpes,37.923976,-8.806044,3,Parque Natural do Sudoeste Alentejano e Costa Vicentina
Praia do Amado,37.167059,-8.902610,3,Parque Natural do Sudoeste Alentejano e Costa Vicentina
Praia do Barril,37.086015,-7.662209,4,Ria Formosa - Ilha de Tavira
Praia do Carvalho,37.086610,-8.431875,3,
Praia do Castelejo,37.099811,-8.945301,4,Parque Natural do Sudoeste Alentejano e Costa Vicentina
Praia do Martinhal,37.019065,-8.926126,1,Parque Natural do Sudoeste Alentejano e Costa Vicentina
Praia do Vale de Centeanes,37.091274,-8.455695,0,
Praia do Vau,37.119854,-8.558968,3,
Praia Dona Ana,37.091772,-8.669176,3,
Praia dos Alemães,37.084068,-8.237456,0,
Praia dos Salgados,37.088645, -8.329042,5,
Praia Nova,37.096126,-8.388199,5,
Praia Verde,37.173851,-7.479848,4,
Puebla de Guzmán,37.613073,-7.246990,197,
"Puente Mayorga, San Roque",36.181353,-5.384371,2,
Puerto de la Laja,37.52435,-7.493351,22,
Punta del Moral,37.189202,-7.34245,4,
Quarteira,37.071868,-8.101996,20,
Quatro Águas,37.116418,-7.629095,2,Ria Formosa
Quebradas,37.306705,-7.522628,177,
Quelfes,37.057613,-7.821595,24,
Querença,37.198992,-7.987344,260,
Quinta do Lago,37.046156,-8.016172,17,Ria Formosa
Quinta do Vale Golf Resort,37.247759,-7.450114,34,
R-5 - Saída 9,40.328095,-3.815693,698,
R-5 - Saída 11,40.305028,-3.844778,643,
R-5 - Saída 20,40.256410,-3.912518,632,
R-5 - Saída 28,40.266825,-4.007996,622,
Raposeira,37.083917,-8.889525,63,
Refinaria de Gibraltar-San Roque,36.186137,-5.396240,21,
Ribat da Arrifana,37.320309,-8.876302,47,Parque Natural do Sudoeste Alentejano e Costa Vicentina
Ribeira do Vascão,37.517739,-7.579242,46,
Rocha da Pena,37.250958,-8.096611,314,Rocha da Pena
Rogil,37.368765,-8.800275,93,Parque Natural do Sudoeste Alentejano e Costa Vicentina
Roncanito,37.571181,-7.621207,150,Parque Natural do Vale do Guadiana
Roncão de Baixo,37.564992,-7.610189,160,Parque Natural do Vale do Guadiana
Roncão de Cima,37.571849,-7.633122,160,Parque Natural do Vale do Guadiana
Roncão do Meio,37.570023,-7.625591,169,Parque Natural do Vale do Guadiana
Ronda Urbana Norte de Sevilha - Glorieta Berrocal,37.415941,-5.974321,10,
Ronda Urbana Norte de Sevilha - Glorieta Olímpica,37.413284,-5.988322,10,
Ronda Urbana Norte de Sevilha - Glorieta de San Lázaro,37.413423,-5.983532,8,
Ronda Urbana Norte de Sevilha - Centro Deportivo Los Mares,37.41672,-5.96976,10,
Ronda Urbana Norte de Sevilha - Pino Montano,37.417398,-5.965617,11,
Ronda Urbana Norte de Sevilha - Poligono Calonge,37.413666,-5.950079,18,
Ronda Urbana Norte de Sevilha - Poligono Store,37.41612,-5.956364,18,
Rosal de la Frontera,37.967832,-7.220338,220,
Rotunda da Árvore,37.391148,-7.445127,25,
Ruínas Romanas de Milreu,37.094824,-7.904695,74,
Safara,38.108640,-7.217422,204,
Sagres,37.010201,-8.938871,23,Parque Natural do Sudoeste Alentejano e Costa Vicentina
Salema,37.065616,-8.824692,12,Parque Natural do Sudoeste Alentejano e Costa Vicentina
Salgueiros,37.589126,-7.536155,121,Parque Natural do Vale do Guadiana
Salir,37.241031,-8.044129,246,
San Bartolomé de la Torre,37.446629,-7.104909,125,
San Juan de Aznalfarache,37.359535,-6.034063,34,
San Silvestre de Guzmán,37.388086,-7.348589,154,
Sanlúcar de Guadiana,37.472943,-7.466232,24,
Santa Bárbara de Casa,37.796547,-7.188991,310,
Santa Bárbara de Nexe,37.103587,-7.964152,145,
Santa Catarina da Fonte do Bispo,37.153797,-7.788195,139,
Santa Clara de Louredo,37.971006,-7.872097,206,
Santa Luzia,37.101131,-7.661133,6,Ria Formosa
Santa Marta,37.492988,-7.570396,176,
Santana da Serra,37.500729,-8.301012,184,
Santana de Cambas,37.623734,-7.525774,135,
Santo Aleixo da Restauração,38.068238,-7.151129,264,
Santo Estêvão,37.126722,-7.714585,87,
Santuário de Nossa Senhora da Piedade,37.140261,-8.036374,175,
São Bartolomeu de Messines,37.256126,-8.287157,131,
São Bartolomeu de Via Glória,37.525215,-7.714577,178,
São Brás de Alportel,37.152685,-7.888386,248,
São Luís,37.717242,-8.662879,152,Parque Natural do Sudoeste Alentejano e Costa Vicentina
São Marcos da Serra,37.361682,-8.377477,125,
São Martinho,37.49085,-7.516152,152,
São Martinho das Amoreiras,37.652651,-8.403017,205,
São Matias,38.109260,-7.856124,166,
São Teotónio,37.509216,-8.705182,153,
Sapos,37.649405,-7.532089,128,Parque Natural do Vale do Guadiana
SE-20 - Estádio de La Cartuja,37.420463,-6.006164,11,
SE-20 - Miraflores,37.422589,-5.947353,15,
SE-20 - Parque de Alamillo,37.426331,-5.996915,11,
SE-20 - Pino Montano,37.424276,-5.957874,18,
SE-20 - San Jerónimo,37.43005,-5.988525,11,
SE-30 - Saída 1,37.399627,-5.945204,13,
SE-30 - Saída 3,37.38142,-5.942411,19,
SE-30 - Saída 4,37.376116,-5.944181,13,
SE-30 - Saída 5,37.36679,-5.94475,12,
SE-30 - Saída 8,37.34085,-5.97218,4,
SE-30 - Saída 12,37.358868,-6.004847,8,
SE-30 - Saída 14,37.37199,-6.014716,10,
SE-30 - Saída 15,37.373371,-6.027443,7,
SE-30 - Saída 21,37.413296,-5.993232,14,
SE-40 - Reinício,37.307748,-6.039054,4,
SE-40 - Saída 5,37.389391,-5.858575,40,
SE-40 - Saída 19,37.299734,-5.943293,33,
SE-40 - Saída 35,37.311034,-6.098245,43,
Sedas,37.52993,-7.600367,179,Parque Natural do Vale do Guadiana
Sentinela,37.295558,-7.498928,147,
Serpa,37.944035,-7.597431,215,
Serro da Vinha de Baixo,37.469191,-7.605179,200,
Serro da Vinha de Cima,37.46505,-7.603019,214,
Sevilha - Avenida Expo 92,37.389797,-6.011761,10,
Sevilha - Parque de Alamillo,37.418651,-5.995225,7,
Silves,37.189283,-8.440256,24,
Sítio da Fábrica,37.154436,-7.553698,9,Ria Formosa
Slide & Splash,37.139453,-8.474781,51,
Sobral da Adiça,38.023353,-7.258106,200,
Sul do Sapal de Castro Marim e Vila Real de Santo António,37.206474,-7.434472,5,Sapal de Castro Marim e Vila Real de Santo António
Tacões,37.440001,-7.554761,226,
Talavera la Real,38.875714,-6.768792,186,
Tamejoso,37.611788,-7.601455,126,Parque Natural do Vale do Guadiana
Tanoeiro,37.263978,-7.533592,60,
Tariquejo,37.39624,-7.152048,108,
Tavira - Norte,37.129233,-7.647129,16,
Tavira - Sul,37.123689,-7.651181,16,
Tenência,37.367805,-7.493125,103,
Tôr,37.195727,-8.035204,167,
Torneiro,37.43145,-7.496974,186,
Torrão,38.293899,-8.223782,107,
Trindade,37.884931,-7.893941,172,
Tunes,37.164900,-8.256395,65,
Universidade do Algarve - Campus da Penha,37.027222,-7.922699,9,
Universidade do Algarve - Campus de Gambelas,37.043905,-7.972196,19,Ria Formosa
Universidade do Algarve - Campus de Portimão,37.143685,-8.536411,7,
Urbanização Mirador de Cerro Gordo,38.888342,-6.902053,203,
Vale de Andreu,37.266109,-7.504033,87,
Vale do Lobo,37.054282,-8.061386,33,
Vale do Pereiro,37.359369,-7.531822,188,
Vale do Poço,37.762489,-7.538029,220,Parque Natural do Vale do Guadiana
Valencia del Mombuey,38.242917,-7.118810,295,
Vaqueiros,37.384277,-7.72819,228,
Variante de Faro - Nó com o IC4,37.039694,-7.950254,14,
Variante de Faro - Nó com a M518,37.031154,-7.913966,8,
Variante de Faro - Nó com a N2,37.04255,-7.929253,19,
"Vicentes, Alcoutim",37.456744,-7.584939,214,
"Vicentes, Mértola",37.541742,-7.611763,159,Parque Natural do Vale do Guadiana
Victoria Stadium,36.149002,-5.350047,3,
Vidigueira,38.209484,-7.798725,212,
Vila do Bispo,37.082632,-8.910907,87,Parque Natural do Sudoeste Alentejano e Costa Vicentina
Vila Nova da Baronia,38.288591,-8.037843,187,
Vila Nova de Cacela,37.173663,-7.531126,24,
Vila Nova de Milfontes,37.723609,-8.782080,30,Parque Natural do Sudoeste Alentejano e Costa Vicentina
Vila Nova de São Bento,37.925569,-7.409812,247,
Vila Real de Santo António,37.194148,-7.418,8,
Vila Verde de Ficalho,37.946791,-7.299725,227,
Vilamoura,37.087887,-8.119071,16,
Villa Romana de Pisões,37.997505,-7.948923,178,
Villa Romana de São Cucufate,38.223679, -7.845413,248,
Villablanca,37.302562,-7.341807,93,
Villafranco del Guadiana,38.883990,-6.860705,178,
Villanueva de la Serena,38.973992,-5.798687,296,
Villanueva de los Castillejos,37.500435,-7.270432,213,
Vista Real,37.222571,-7.460221,22,
Western Beach,36.153103,-5.351108,2,
Zambujal,37.523755,-7.603783,174,
Zambujeira do Mar,37.524674,-8.784966,40,Parque Natural do Sudoeste Alentejano e Costa Vicentina
Zoomarine,37.126435,-8.314944,23,
